DTSTART	Weekday	SUMMARY	CLASS	Details
Jan 1	Sunday	New Year's Day	Public Holiday
Jan 2	Monday	New Year's Day observed	Public Holiday
Jan 23	Monday	National Heroes Day	Public Holiday
Feb 14	Tuesday	Valentine's Day	Observance
Mar 1	Wednesday	Ash Wednesday	Public Holiday
Mar 20	Monday	March equinox	Season
Apr 14	Friday	Good Friday	Public Holiday
Apr 16	Sunday	Easter Sunday	Observance
Apr 17	Monday	Easter Monday	Public Holiday
May 14	Sunday	Mothers' Day	Observance
May 15	Monday	Discovery Day	Public Holiday
Jun 18	Sunday	Fathers' Day	Observance
Jun 19	Monday	Queen's Birthday	Public Holiday
Jun 21	Wednesday	June Solstice	Season
Jul 3	Monday	Constitution Day	Public Holiday
Sep 22	Friday	September equinox	Season
Oct 31	Tuesday	Halloween	Observance
Nov 13	Monday	Remembrance Day	Public Holiday
Dec 21	Thursday	December Solstice	Season
Dec 24	Sunday	Christmas Eve	Observance
Dec 25	Monday	Christmas Day	Public Holiday
Dec 26	Tuesday	Boxing Day	Public Holiday
Dec 31	Sunday	New Year's Eve	Observance
