DTSTART	Weekday	SUMMARY	CLASS	Details
Jan 1	Sunday	New Year's Day	Public Holiday
Mar 20	Monday	March equinox	Season
Mar 26	Sunday	Daylight Saving Time starts	Clock change/Daylight Saving Time
Apr 14	Friday	Good Friday	Public Holiday
Apr 17	Monday	Easter Monday	Public Holiday
May 1	Monday	Labor Day / May Day	Public Holiday
May 9	Tuesday	Liberation Day	National holiday
May 29	Monday	Spring Bank Holiday	Public Holiday
Jun 21	Wednesday	June Solstice	Season
Aug 28	Monday	Summer Bank Holiday	Public Holiday
Sep 22	Friday	September equinox	Season
Oct 29	Sunday	Daylight Saving Time ends	Clock change/Daylight Saving Time
Dec 21	Thursday	December Solstice	Season
Dec 25	Monday	Christmas Day	Public Holiday
Dec 26	Tuesday	Boxing Day	Public Holiday
